[
    {
        "Id": "c61b10b7-f5d3-4b2c-a3d7-8036e764d154",
        "Question": "",
        "Answer": "Snowdrop (Galanthus nivalis)",
        "Img1Name": "2\\Snowdrop.jpg",
        "Img2Name": null
    },
    {
        "Id": "3d3f8d32-e084-4b8f-8610-9c28d86504ef",
        "Question": "",
        "Answer": "Daffodil (Narcissus pseudonarcissus)",
        "Img1Name": "2\\Daffodil.jpg",
        "Img2Name": null
    },
    {
        "Id": "885c9cd1-7f57-4d69-a1d6-57e0dc429fc4",
        "Question": "",
        "Answer": "Crocus (Crocus vernus)",
        "Img1Name": "2\\Crocus.jpg",
        "Img2Name": null
    },
    {
        "Id": "77285b0d-52cf-4b89-8799-52e65534a1cc",
        "Question": "",
        "Answer": "Primrose (Primula vulgaris)",
        "Img1Name": "2\\Primrose.jpg",
        "Img2Name": null
    },
    {
        "Id": "950d1d7b-4e13-489b-b98f-285ea3f1d384",
        "Question": "",
        "Answer": "Tulip (Tulipa gesneriana)",
        "Img1Name": "2\\Tulip.jpg",
        "Img2Name": null
    },
    {
        "Id": "f489eabc-bf6c-4ec3-ae91-9c1c47838d4d",
        "Question": "",
        "Answer": "Grape Hyacinth (Muscari armeniacum)",
        "Img1Name": "2\\Muscari.jpg",
        "Img2Name": null
    }
]
